{"cameraMode":{"drawMode":0,"name":"Shaded","section":"Shading Mode"},"sceneLighting":true,"audioPlay":false,"sceneViewState":{"m_AlwaysRefresh":false,"showFog":true,"showSkybox":true,"showFlares":true,"showImageEffects":true,"showParticleSystems":true,"showVisualEffectGraphs":true,"m_FxEnabled":true},"in2DMode":false,"pivot":{"x":10.000215530395508,"y":-0.3124999403953552,"z":20.000484466552736},"rotation":{"x":0.46530094742774966,"y":-0.06495091319084168,"z":0.03426104784011841,"w":0.882100522518158},"size":34.460330963134769,"orthographic":false}