{"cameraMode":{"drawMode":0,"name":"Shaded","section":"Shading Mode"},"sceneLighting":false,"audioPlay":false,"sceneViewState":{"m_AlwaysRefresh":false,"showFog":true,"showSkybox":false,"showFlares":true,"showImageEffects":true,"showParticleSystems":true,"showVisualEffectGraphs":true,"m_FxEnabled":true},"in2DMode":false,"pivot":{"x":5.4128594398498539,"y":10.121301651000977,"z":2.803347110748291},"rotation":{"x":0.5243056416511536,"y":-0.13913016021251679,"z":0.08730379492044449,"w":0.8355448246002197},"size":11.993650436401368,"orthographic":false}